descriptor,mae,r2
dipole_moment_debye|3and6|lumo_ev|homo_ev,1.3360387736872736,0.497301126793259
dipole_moment_debye|3and6|delta_g_hartree|lumo_ev,1.336042235548197,0.4972975915920276
dipole_moment_debye|3and6|lumo_ev|gap_ev,1.3436102695609875,0.4868299252061462
dipole_moment_debye|nbo_charge|3and6|lumo_ev,1.3471716459451577,0.4743113013035246
dipole_moment_debye|nbo_charge|3and6|homo_ev,1.33452093923268,0.4450714022503618
dipole_moment_debye|nbo_charge|3and6|4and5,1.3345289582452349,0.4450679120262362
dipole_moment_debye|nbo_charge|3and6|delta_g_hartree,1.3345343973099757,0.4450642733130995
dipole_moment_debye|nbo_charge|3and6|gap_ev,1.3348234037551805,0.4441819625751416
nbo_charge|3and6|molecular_volume_A3|homo_ev,1.3791037344158734,0.4390189454748774
nbo_charge|3and6|4and5|molecular_volume_A3,1.3858521288520167,0.4187436026503234
dipole_moment_debye|3and6|homo_ev|gap_ev,1.37450411151222,0.4143823335475872
nbo_charge|3and6|molecular_volume_A3|gap_ev,1.3997482799872978,0.4099411371651019
nbo_charge|3and6|delta_g_hartree|molecular_volume_A3,1.3898335096986218,0.4059979789459349
dipole_moment_debye|3and6|molecular_volume_A3|lumo_ev,1.3949707833480236,0.3766608644341922
dipole_moment_debye|3and6|4and5|lumo_ev,1.41523706177126,0.3662152496197194
dipole_moment_debye|4and5|molecular_volume_A3|lumo_ev,1.436941423688531,0.3520459104582019
dipole_moment_debye|4and5|lumo_ev|homo_ev,1.412264238853137,0.3477175205852694
dipole_moment_debye|nbo_charge|3and6|molecular_volume_A3,1.4007732300221476,0.3448975741305992
nbo_charge|molecular_volume_A3|lumo_ev|gap_ev,1.4317051048898048,0.3412695691008232
nbo_charge|molecular_volume_A3|lumo_ev|homo_ev,1.4317128035374267,0.3412650069789792
dipole_moment_debye|nbo_charge|lumo_ev|gap_ev,1.405383361129733,0.3378466943610074
dipole_moment_debye|nbo_charge|lumo_ev|homo_ev,1.4054004510577585,0.337822108180061
dipole_moment_debye|4and5|lumo_ev|gap_ev,1.4166074561331372,0.3365182292093961
dipole_moment_debye|lumo_ev|homo_ev,1.447164033466376,0.3292927494761599
nbo_charge|4and5|molecular_volume_A3|lumo_ev,1.4530353764599655,0.3263336529459565
nbo_charge|molecular_volume_A3|lumo_ev,1.4416720624117652,0.3262436961667199
dipole_moment_debye|molecular_volume_A3|lumo_ev|homo_ev,1.4573245465685687,0.3109699352315382
dipole_moment_debye|delta_g_hartree|lumo_ev,1.4552721719134156,0.3109595537447182
dipole_moment_debye|lumo_ev|gap_ev,1.4558697484947831,0.304710499086526
dipole_moment_debye|lumo_ev|homo_ev|gap_ev,1.457548812229573,0.3006372279581444
dipole_moment_debye|molecular_volume_A3|lumo_ev|gap_ev,1.4575661328693046,0.3006305804086534
dipole_moment_debye|delta_g_hartree|lumo_ev|homo_ev,1.4704824919545527,0.2969782666771848
dipole_moment_debye|nbo_charge|lumo_ev,1.4640995757685218,0.2836675745729001
nbo_charge|delta_g_hartree|molecular_volume_A3,1.4637921220690184,0.2807980831998845
dipole_moment_debye|delta_g_hartree|lumo_ev|gap_ev,1.481966712861124,0.2793427528669707
dipole_moment_debye|molecular_volume_A3|lumo_ev,1.4650929163416118,0.2779982291100777
dipole_moment_debye|nbo_charge|delta_g_hartree|lumo_ev,1.4674638567845113,0.2601838607841595
nbo_charge|3and6|molecular_volume_A3|lumo_ev,1.4723223295895405,0.2526299447882172
nbo_charge|molecular_volume_A3|homo_ev,1.4712894782396304,0.2475299028830866
nbo_charge|molecular_volume_A3|homo_ev|gap_ev,1.482751482559406,0.2225452055330408
nbo_charge|molecular_volume_A3|gap_ev,1.482831740474025,0.2223452162414013
nbo_charge|molecular_volume_A3,1.4536832276383418,0.220111974264007
dipole_moment_debye|delta_g_hartree|molecular_volume_A3|lumo_ev,1.5065055883249796,0.1969807958213877
dipole_moment_debye|4and5|lumo_ev,1.492078407305245,0.190277387601601
dipole_moment_debye|3and6|delta_g_hartree|gap_ev,1.5008002947576204,0.1641763128869814
nbo_charge|lumo_ev|gap_ev,1.5358411144439108,0.1492601483489193
nbo_charge|3and6|delta_g_hartree|gap_ev,1.4642223395410374,0.1415353769698872
dipole_moment_debye|3and6|lumo_ev,1.5187370036356391,0.1381214658334443
dipole_moment_debye|nbo_charge|molecular_volume_A3|lumo_ev,1.5348126268744025,0.1347738296463718
nbo_charge|delta_g_hartree|lumo_ev,1.5440275658025286,0.1299306790534385
nbo_charge|lumo_ev,1.542710820416625,0.1274983270272672
dipole_moment_debye|3and6|delta_g_hartree|homo_ev,1.5126972966639436,0.1234200571256195
nbo_charge|lumo_ev|homo_ev,1.5649542914465175,0.118867769817556
dipole_moment_debye|delta_g_hartree|homo_ev|gap_ev,1.5378195537271122,0.1094887942014916
dipole_moment_debye|4and5|delta_g_hartree|lumo_ev,1.5571720772966722,0.1052265245087138
nbo_charge|lumo_ev|homo_ev|gap_ev,1.5747477797913192,0.1024824255737855
dipole_moment_debye|3and6|delta_g_hartree|molecular_volume_A3,1.5497840611829838,0.1019279575578985
nbo_charge|delta_g_hartree|lumo_ev|gap_ev,1.570261842938348,0.1005026899987362
nbo_charge|delta_g_hartree|molecular_volume_A3|lumo_ev,1.5331028876592496,0.0987313540583794
dipole_moment_debye|nbo_charge|molecular_volume_A3|gap_ev,1.5663919781130569,0.0985309899831792
3and6|delta_g_hartree|gap_ev,1.5070109238198537,0.0934401753097834
3and6|delta_g_hartree,1.5070118054135964,0.0934391423022441
3and6|4and5|delta_g_hartree,1.507017484708914,0.0934225815351517
molecular_volume_A3|lumo_ev,1.5454377382840787,0.0904851868118686
molecular_volume_A3|lumo_ev|homo_ev,1.5454397563666082,0.0904839101620836
lumo_ev|homo_ev|gap_ev,1.5454393216720912,0.0904828057978088
delta_g_hartree|lumo_ev|homo_ev|gap_ev,1.5454423322973143,0.0904813197461241
delta_g_hartree|lumo_ev|homo_ev,1.5454415400847097,0.0904811867309859
delta_g_hartree|molecular_volume_A3|lumo_ev,1.5454409877121646,0.090480077695167
lumo_ev,1.5454413801235194,0.0904794330877087
delta_g_hartree|molecular_volume_A3|lumo_ev|gap_ev,1.5454410483856793,0.0904791291841032
delta_g_hartree|molecular_volume_A3|lumo_ev|homo_ev,1.5454413637412376,0.0904770113744359
molecular_volume_A3|lumo_ev|homo_ev|gap_ev,1.545442929578143,0.0904759398023343
molecular_volume_A3|lumo_ev|gap_ev,1.5454446641060908,0.090472880504529
delta_g_hartree|lumo_ev|gap_ev,1.5454470591365017,0.0904685651410864
nbo_charge|3and6|homo_ev|gap_ev,1.5035079580833235,0.079971952420036
3and6|4and5|lumo_ev,1.513776941829742,0.0714713016372787
nbo_charge|3and6|delta_g_hartree|homo_ev,1.508125432687338,0.0651763208998204
nbo_charge|4and5|molecular_volume_A3|homo_ev,1.5886800811980637,0.0507609456437073
nbo_charge|3and6|4and5|gap_ev,1.5021601162915796,0.0480825228490477
nbo_charge|4and5|lumo_ev|gap_ev,1.5590306649407624,0.0474663176496048
lumo_ev|homo_ev,1.554771745203253,0.0470740346049284
lumo_ev|gap_ev,1.5547731180014723,0.0470709005409877
3and6|lumo_ev|homo_ev|gap_ev,1.5146540571442435,0.0448644614843333
nbo_charge|4and5|lumo_ev,1.5616289256000655,0.0433392287735759
nbo_charge|4and5|lumo_ev|homo_ev,1.57282335169113,0.0403996037225538
3and6|lumo_ev|homo_ev,1.5172697405755784,0.0362290604342843
nbo_charge|delta_g_hartree|lumo_ev|homo_ev,1.6144212768259574,0.0345316543638576
3and6|lumo_ev|gap_ev,1.5200069002746648,0.0295723328730673
3and6|4and5|delta_g_hartree|gap_ev,1.524090832714506,0.029176021251343
3and6|delta_g_hartree|homo_ev,1.5350896612059433,0.0284073529175209
nbo_charge|4and5|delta_g_hartree|lumo_ev,1.5630229585078437,0.0256920727441666
dipole_moment_debye|nbo_charge|delta_g_hartree|molecular_volume_A3,1.5772827016182716,0.0218243640873226
4and5|lumo_ev,1.5663383609425263,0.0201396308025983
nbo_charge|3and6|4and5|delta_g_hartree,1.514539964842293,0.0199878020677399
nbo_charge|3and6|delta_g_hartree,1.5589954668570514,0.015952971294207
dipole_moment_debye|nbo_charge|4and5|lumo_ev,1.6036369718091985,0.0152713175257461
3and6|delta_g_hartree|homo_ev|gap_ev,1.532898216127271,0.0107623895460005
nbo_charge|3and6|lumo_ev|gap_ev,1.561890523137228,0.0099484273941826
dipole_moment_debye|nbo_charge|delta_g_hartree|homo_ev,1.584196811232325,0.0086818744781781
dipole_moment_debye|nbo_charge|delta_g_hartree|gap_ev,1.5853751813599384,0.0065980558480039
dipole_moment_debye|gap_ev,1.5234313338996948,-0.0010340826650432
nbo_charge|3and6|delta_g_hartree|lumo_ev,1.566563954089318,-0.001958527874434
dipole_moment_debye|nbo_charge|homo_ev,1.5849464341445534,-0.0030145118670092
nbo_charge|3and6|lumo_ev|homo_ev,1.570327865162741,-0.0034146668378294
dipole_moment_debye|nbo_charge|gap_ev,1.5876291597972725,-0.0101217979752394
3and6|delta_g_hartree|lumo_ev,1.5432746715762449,-0.0135775607777592
dipole_moment_debye,1.5540678402140795,-0.0169493566581635
nbo_charge|3and6|homo_ev,1.5779463635506843,-0.0170582216470176
dipole_moment_debye|nbo_charge|delta_g_hartree,1.5931468691945014,-0.0254071282207826
dipole_moment_debye|3and6|gap_ev,1.5498879605461842,-0.0271279358938829
nbo_charge|homo_ev,1.6030875995401586,-0.0320645741849303
3and6|lumo_ev,1.5876729307197075,-0.0355983616984552
3and6|4and5|delta_g_hartree|homo_ev,1.550641906525826,-0.0407440434013521
nbo_charge|delta_g_hartree|gap_ev,1.5996053172399245,-0.0412878105006064
nbo_charge,1.5996108789129009,-0.0412966611711969
nbo_charge|3and6|gap_ev,1.57703080773114,-0.0438601268969958
nbo_charge|4and5|molecular_volume_A3|gap_ev,1.648926060716004,-0.0457977797190769
dipole_moment_debye|molecular_volume_A3|gap_ev,1.569176860470578,-0.0498285253712604
dipole_moment_debye|homo_ev,1.5835369759069624,-0.0512484263666175
3and6|molecular_volume_A3|lumo_ev,1.5580172640745544,-0.056026773074568
dipole_moment_debye|homo_ev|gap_ev,1.5995581611783,-0.0594996955890916
delta_g_hartree|lumo_ev,1.6138812228511703,-0.0603856647034131
dipole_moment_debye|nbo_charge|homo_ev|gap_ev,1.625722453525286,-0.0605207619645498
nbo_charge|3and6|4and5|homo_ev,1.5537252774109185,-0.0641427920495738
3and6|delta_g_hartree|molecular_volume_A3,1.563463955687971,-0.0656077691000351
nbo_charge|delta_g_hartree,1.5625687021639814,-0.0658216141056911
dipole_moment_debye|nbo_charge|4and5|homo_ev,1.636086810839129,-0.0666361127124857
nbo_charge|delta_g_hartree|homo_ev,1.6139748654654449,-0.0668479796439236
3and6|homo_ev,1.5885673667175586,-0.0703074738632849
dipole_moment_debye|nbo_charge|molecular_volume_A3|homo_ev,1.625147112293012,-0.0723369408949416
3and6|4and5|homo_ev,1.590208038287705,-0.072542609092487
dipole_moment_debye|molecular_volume_A3|homo_ev,1.588827229908375,-0.0729933306599055
nbo_charge|3and6|molecular_volume_A3,1.5757224984141165,-0.0781153348255989
dipole_moment_debye|nbo_charge|3and6,1.6001126521936553,-0.0885499947045178
nbo_charge|4and5|molecular_volume_A3,1.6110741650377052,-0.0933867405874604
dipole_moment_debye|3and6|molecular_volume_A3,1.5691261832458032,-0.0983210963577136
nbo_charge|gap_ev,1.6116296750072363,-0.0989842928042596
nbo_charge|delta_g_hartree|homo_ev|gap_ev,1.642533430474861,-0.1017764537344134
dipole_moment_debye|delta_g_hartree|gap_ev,1.5887045189427331,-0.1033352939564717
gap_ev,1.5520044411751563,-0.1034388288339804
delta_g_hartree|gap_ev,1.5540805657318018,-0.1050412262962032
3and6|delta_g_hartree|lumo_ev|homo_ev,1.5850112512580194,-0.1059787331121628
3and6|4and5|delta_g_hartree|lumo_ev,1.5787139851284402,-0.109130633117968
3and6|delta_g_hartree|molecular_volume_A3|homo_ev,1.5830159794181258,-0.1098970336793927
3and6|delta_g_hartree|molecular_volume_A3|gap_ev,1.5865142878766036,-0.1139724785760276
dipole_moment_debye|3and6|4and5,1.573640179891861,-0.117584879731539
3and6|homo_ev|gap_ev,1.6098998785058132,-0.1196859463610726
nbo_charge|homo_ev|gap_ev,1.6472313129578198,-0.1197459992043654
dipole_moment_debye|lumo_ev,1.6628502577600326,-0.1199946011429835
dipole_moment_debye|delta_g_hartree,1.5957418742054377,-0.1205025105664561
4and5|delta_g_hartree|lumo_ev,1.6478928937941208,-0.123066969968979
3and6|delta_g_hartree|lumo_ev|gap_ev,1.5958415149846557,-0.1269125427023418
dipole_moment_debye|delta_g_hartree|molecular_volume_A3,1.597449572604909,-0.1269853158958449
3and6|molecular_volume_A3|lumo_ev|homo_ev,1.6092512242427517,-0.1325521182119693
4and5|lumo_ev|gap_ev,1.6516087719363168,-0.1338378380018119
4and5|lumo_ev|homo_ev,1.6516098824219798,-0.1338392626719369
4and5|lumo_ev|homo_ev|gap_ev,1.6516115195692604,-0.133845266592127
3and6|molecular_volume_A3|homo_ev,1.6117683218978365,-0.135648796612817
dipole_moment_debye|3and6|molecular_volume_A3|homo_ev,1.6594459194905873,-0.1380654893230504
4and5|delta_g_hartree|lumo_ev|gap_ev,1.6515991423482663,-0.1391306869935347
dipole_moment_debye|4and5|homo_ev|gap_ev,1.6454370517273482,-0.1406435998619342
nbo_charge|4and5|gap_ev,1.6008023873958437,-0.1407187031900065
3and6|4and5|homo_ev|gap_ev,1.6232287190443058,-0.1410462265380154
nbo_charge|4and5|delta_g_hartree,1.601368747381759,-0.1420278669643033
molecular_volume_A3|gap_ev,1.5680345461111749,-0.1427548058076491
molecular_volume_A3,1.5680346803988152,-0.1427558874190879
3and6|4and5|molecular_volume_A3|lumo_ev,1.588580756928531,-0.1432912337738023
delta_g_hartree|molecular_volume_A3,1.5729395898679857,-0.1468289039373194
4and5|delta_g_hartree|lumo_ev|homo_ev,1.655539938918741,-0.1468886361879748
3and6|4and5|delta_g_hartree|molecular_volume_A3,1.5767858020452674,-0.1469640032741848
3and6|delta_g_hartree|molecular_volume_A3|lumo_ev,1.6069331238284,-0.1483127942252369
delta_g_hartree,1.5831835675886483,-0.148932106700018
homo_ev,1.6257760462308328,-0.1501086838060636
molecular_volume_A3|homo_ev,1.625777781218913,-0.1501105332970267
molecular_volume_A3|homo_ev|gap_ev,1.625780059529459,-0.1501136143600621
delta_g_hartree|homo_ev,1.6257841840074831,-0.1501226471269241
3and6|molecular_volume_A3|homo_ev|gap_ev,1.6312089821714113,-0.1501956332255609
dipole_moment_debye|3and6|delta_g_hartree,1.6297999405301131,-0.1514315076298105
delta_g_hartree|molecular_volume_A3|homo_ev|gap_ev,1.6285249702811335,-0.1549390582221497
delta_g_hartree|molecular_volume_A3|homo_ev,1.628527881995921,-0.1549436978513025
nbo_charge|3and6|lumo_ev,1.633475116797222,-0.1551846512652452
dipole_moment_debye|delta_g_hartree|homo_ev,1.6302837924369886,-0.1566809758512244
dipole_moment_debye|molecular_volume_A3|homo_ev|gap_ev,1.6261835232006243,-0.1581020203207666
delta_g_hartree|homo_ev|gap_ev,1.6298839439988166,-0.1605828714751833
dipole_moment_debye|3and6|homo_ev,1.624820504307547,-0.1607951207367961
3and6,1.5754868309460317,-0.1630773108320342
3and6|gap_ev,1.575487580610728,-0.1630792749887477
nbo_charge|4and5|homo_ev,1.6264153259201173,-0.1661181992285754
dipole_moment_debye|nbo_charge|4and5|molecular_volume_A3,1.6543188120126608,-0.1662610939204885
3and6|molecular_volume_A3|lumo_ev|gap_ev,1.6321174812797412,-0.1685708544422797
nbo_charge|3and6|4and5|lumo_ev,1.6325892599166751,-0.1709256105443035
4and5|molecular_volume_A3|lumo_ev,1.6627103643805796,-0.1736282392881256
3and6|4and5|lumo_ev|homo_ev,1.601036368376323,-0.179781685122798
3and6|4and5|lumo_ev|gap_ev,1.6002997775191032,-0.1799509309684959
dipole_moment_debye|3and6|molecular_volume_A3|gap_ev,1.6478882941462083,-0.1829750299534527
delta_g_hartree|molecular_volume_A3|gap_ev,1.5952371634905358,-0.1848489185765713
homo_ev|gap_ev,1.6513483649624994,-0.1879772892937776
nbo_charge|4and5|delta_g_hartree|molecular_volume_A3,1.6634503470580533,-0.1946462016687371
nbo_charge|4and5,1.625526822462625,-0.2008730469948798
dipole_moment_debye|nbo_charge,1.64563183849067,-0.2069512853915998
dipole_moment_debye|4and5|gap_ev,1.6299762891847125,-0.207481410131276
dipole_moment_debye|4and5|molecular_volume_A3,1.6474611862700286,-0.2094864633390059
dipole_moment_debye|nbo_charge|molecular_volume_A3,1.6968537596521327,-0.2188968688619843
dipole_moment_debye|delta_g_hartree|molecular_volume_A3|gap_ev,1.6161989563132546,-0.2195179018356807
nbo_charge|3and6|4and5,1.6342848308397953,-0.2217214745850177
dipole_moment_debye|3and6|4and5|gap_ev,1.6334238601849576,-0.2217244441419572
dipole_moment_debye|4and5|homo_ev,1.6388085744949188,-0.2306093451643451
dipole_moment_debye|delta_g_hartree|molecular_volume_A3|homo_ev,1.640433689768948,-0.238256519502592
3and6|4and5|gap_ev,1.6075072952181888,-0.2480568019401627
nbo_charge|delta_g_hartree|molecular_volume_A3|gap_ev,1.6440170934877412,-0.2586789832283735
3and6|4and5|molecular_volume_A3,1.6141297579253244,-0.2590140537251377
nbo_charge|4and5|delta_g_hartree|gap_ev,1.646285914515432,-0.2642388781865565
3and6|molecular_volume_A3,1.6104455096585792,-0.2671108820248355
3and6|molecular_volume_A3|gap_ev,1.6101063221272882,-0.2685324174173722
dipole_moment_debye|4and5|delta_g_hartree|gap_ev,1.6432110596849645,-0.2693245503294907
4and5,1.6602894922023874,-0.2697748938808164
4and5|gap_ev,1.661532419459551,-0.2751504760626364
dipole_moment_debye|4and5|delta_g_hartree,1.657462542387241,-0.2815434958638145
3and6|4and5,1.640369205680631,-0.2843094909358012
dipole_moment_debye|4and5|delta_g_hartree|homo_ev,1.661235378452382,-0.286802462799816
dipole_moment_debye|nbo_charge|4and5,1.7004813614488483,-0.2883356922415037
4and5|molecular_volume_A3,1.669114207034175,-0.2962040205895173
dipole_moment_debye|3and6|4and5|delta_g_hartree,1.6896919035833025,-0.3058826313576581
nbo_charge|4and5|delta_g_hartree|homo_ev,1.6801779338245568,-0.3066479138082225
3and6|4and5|molecular_volume_A3|homo_ev,1.6716370922478974,-0.3073360855414213
dipole_moment_debye|nbo_charge|4and5|gap_ev,1.7072174698781328,-0.3116738483142833
4and5|homo_ev,1.700462448678408,-0.3142629463042434
4and5|molecular_volume_A3|gap_ev,1.6743909501442318,-0.3149766444159305
dipole_moment_debye|4and5|molecular_volume_A3|gap_ev,1.6822480950593626,-0.3187009020018287
dipole_moment_debye|nbo_charge|4and5|delta_g_hartree,1.7113065843907933,-0.323410961109424
4and5|delta_g_hartree,1.683101354653758,-0.3251264002696523
nbo_charge|4and5|homo_ev|gap_ev,1.699647255208818,-0.3302961235739732
dipole_moment_debye|3and6|4and5|molecular_volume_A3,1.714429659172266,-0.3391711836902653
dipole_moment_debye|4and5|molecular_volume_A3|homo_ev,1.7225390712786317,-0.3516516658626099
4and5|molecular_volume_A3|homo_ev,1.718785013429326,-0.3661175496839519
4and5|homo_ev|gap_ev,1.7237696242659708,-0.3817315584781557
dipole_moment_debye|molecular_volume_A3,1.6262024832111477,-0.3886904467550709
3and6|4and5|molecular_volume_A3|gap_ev,1.6806365795899834,-0.3994996661895198
dipole_moment_debye|4and5,1.7103745418874303,-0.4071818567817113
4and5|molecular_volume_A3|lumo_ev|homo_ev,1.7329442303903009,-0.4128563837840238
dipole_moment_debye|3and6|4and5|homo_ev,1.7320500346769492,-0.4304377506392709
4and5|molecular_volume_A3|lumo_ev|gap_ev,1.7370749644613446,-0.4351662914746821
nbo_charge|delta_g_hartree|molecular_volume_A3|homo_ev,1.7424586739293384,-0.4527848203207623
dipole_moment_debye|3and6,1.6780223806118408,-0.4668828488857874
4and5|delta_g_hartree|gap_ev,1.7393864600493414,-0.4908598729117803
4and5|delta_g_hartree|homo_ev,1.7639269765261043,-0.4967009025358373
4and5|molecular_volume_A3|homo_ev|gap_ev,1.7826017764198565,-0.5111323536983257
4and5|delta_g_hartree|molecular_volume_A3,1.7472340540901632,-0.5153508937270457
dipole_moment_debye|4and5|delta_g_hartree|molecular_volume_A3,1.7920706977362082,-0.521413848116089
4and5|delta_g_hartree|homo_ev|gap_ev,1.805703441930884,-0.6090606355195363
4and5|delta_g_hartree|molecular_volume_A3|lumo_ev,1.7666920107194044,-0.6510321308313323
nbo_charge|3and6,1.7254361184375844,-0.7816704311468421
4and5|delta_g_hartree|molecular_volume_A3|gap_ev,1.8392927263555916,-0.8170192673474563
4and5|delta_g_hartree|molecular_volume_A3|homo_ev,1.8771660473618543,-0.8317221502734076
